Row,F1,Harmfulness,LSC,LSR,N1,N2,Usefulness
z_1,-0.42590547638391196,-0.13021860508403832,0.07097541598433874,-0.4993868625363717,-0.08409760508760786,0.04535113260711134,0.4683942400017651
z_2,0.0003732773064133259,-0.46605158558379217,-0.4605264714989591,-0.2009655947512694,-0.28003476213196615,-0.46109028758390874,-0.7125430171098888
