Row,Area_Good_Normalized,Density_Good_Normalized,Purity_Good,Area_Best_Normalized,Density_Best_Normalized,Purity_Best
bagging,0.6660834491980565,1.1189564204864495,0.9195979899497487,0.0,0.0,0.0
gradient_boosting,0.6379893326107172,1.1271365943578882,0.8802083333333334,0.0,0.0,0.0
logistic_regression,0.7381189570229113,1.08079165478472,0.971830985915493,0.0,0.0,0.0
mlp,0.7133051784995822,1.086885280304829,0.9516908212560387,0.003425073251049239,6.561001317409926,0.8333333333333334
random_forest,0.7192235590115843,1.0883563612074567,0.9425837320574163,0.0,0.0,0.0
svc_linear,0.7505323572303544,1.072896375400025,0.9720930232558139,0.014362135706956974,3.1293270821099717,0.0
svc_rbf,0.7287070011529561,1.084471771280221,0.985781990521327,0.0,0.0,0.0
instance_easiness,0.7031574422378326,1.1025708501484897,0.9178743961352657,0.0,0.0,0.0
