Row,z_1,z_2
0,1.5965885124037829,-1.6325966869512594
1,1.815635164463256,-1.1192117449379682
2,1.95920381438046,-1.32033499628108
3,,
4,1.7242269064563227,0.9892120751407701
5,1.7820882947449421,0.652466147528564
6,1.0354369955656697,0.8371424641804531
