Row,z_1,z_2
0,-2.5128346629820424,2.0056318453083506
1,-2.0539677987731926,1.6258045711957327
2,-2.379890415945621,2.081908435039134
