Row,CL,CLD,DCP,F1,Harmfulness,LSC,LSR,N1,N2,TD_P,TD_U,Usefulness,kDN
z_1,-0.6764792081436571,0.5103466431733001,-0.13801032943012548,0.004474332948319991,-0.15966030666466527,-0.20310847809129717,-0.20232835957499273,-0.2020320838445641,-0.1850909392810278,0.07014915568580637,-0.15116001520617797,-0.1344674666361996,-0.21204903604756875
z_2,1.5079264363617424,-0.8361104214029661,0.3688507554833399,0.0891139141289987,0.08706808574765046,-0.04301605977823309,-0.242892942836109,-0.08235596302460645,-0.022502852878240834,0.13198939814565971,-0.17267690125015916,0.18974810351577137,0.2040613315521211
