Row,z_1,z_2
0,0.8627020963550798,-2.1662420325284026
1,0.8345082664925539,-2.00806021632132
2,0.5130298874031465,-2.7964487459747716
