Row,F1,Harmfulness,LSC,LSR,N1,N2,Usefulness
z_1,-0.3034296458296178,-0.12894111097469627,0.072141145388987,-0.4412114580615909,-0.10856887343959591,0.047083132579726246,0.4230000092059075
z_2,-0.03173306097080983,-0.4568633231328979,-0.490625577275917,-0.23012640622252864,-0.2724325222288369,-0.4737026795265719,-0.6650249785534061
